{
    "ARAB_sample": 0.0077516152523458,
    "BOSS_55": 0.008149618282914162,
    "CMR_12": 0.0005470347823575139,
    "CMR_13": 0.0011276298901066184,
    "CMR_16": 0.0,
    "COL": 0.00030677078757435083,
    "COLOMBIA_18": 0.0011328052496537566,
    "CZ_16": 0.002975153038278222,
    "CZ_19": 0.0030501189175993204,
    "IMPRINT": 0.0004254294035490602,
    "Indie": 0.0018943828763440251,
    "INDIE_2022_selection": 0.0008985392050817609,
    "Mauri_2019": 0.0036193164996802807,
    "Mauri_2020": 0.007751758210361004,
    "MMA_2013": 0.0002865924034267664,
    "NAM": 0.0012622881913557649,
    "PLN_RETRO": 0.0008732852293178439,
    "Pygmyes_CMR_2021_2022": 0.003644256154075265,
    "RH-CZ_SET": 0.0003086729848291725,
    "SENEGAL_2021_selection": 0.0033389206510037184,
    "SET_120": 0.000319551007123664,
    "SET_EyeHairDim": 0.024610675871372223,
    "SET_ROMANIA": 0.0011400643270462751,
    "SET_UK": 0.003405482741072774,
    "Turci": 0.0005828780122101307,
    "ULA_foto": 0.0033209354151040316,
    "VIET": 0.00061726791318506,
    "ZUZDATA_BUSS_TP": 0.0008493342902511358
}