{
    "inputs_means": {
        "ARAB_sample": [
            0.4990144371986389,
            0.49513474106788635
        ],
        "BOSS_55": [
            0.49969977140426636,
            0.4920142889022827
        ],
        "CMR_12": [
            0.49949517846107483,
            0.49063488841056824
        ],
        "CMR_13": [
            0.49912968277931213,
            0.4907456338405609
        ],
        "COL": [
            0.49983710050582886,
            0.4906472861766815
        ],
        "COLOMBIA_18": [
            0.5007288455963135,
            0.4915405511856079
        ],
        "CZ_16": [
            0.49767792224884033,
            0.48880770802497864
        ],
        "CZ_19": [
            0.49800094962120056,
            0.4911123514175415
        ],
        "IMPRINT": [
            0.500822901725769,
            0.489779531955719
        ],
        "Indie": [
            0.5005708336830139,
            0.4909222424030304
        ],
        "INDIE_2022_selection": [
            0.5001446604728699,
            0.4919247031211853
        ],
        "Mauri_2019": [
            0.4980936646461487,
            0.49248650670051575
        ],
        "Mauri_2020": [
            0.5003873109817505,
            0.5012680888175964
        ],
        "MMA_2013": [
            0.49940386414527893,
            0.49483242630958557
        ],
        "NAM": [
            0.4997745156288147,
            0.49169158935546875
        ],
        "PLN_RETRO": [
            0.5012269616127014,
            0.49517959356307983
        ],
        "Pygmyes_CMR_2021_2022": [
            0.4993141293525696,
            0.4939720332622528
        ],
        "RH-CZ_SET": [
            0.49947115778923035,
            0.48802611231803894
        ],
        "SENEGAL_2021_selection": [
            0.500391960144043,
            0.4921807646751404
        ],
        "SET_120": [
            0.4992072880268097,
            0.49107515811920166
        ],
        "SET_EyeHairDim": [
            1.237371563911438,
            0.25974375009536743
        ],
        "SET_ROMANIA": [
            0.4995590150356293,
            0.49111661314964294
        ],
        "SET_UK": [
            0.4991663694381714,
            0.4923784136772156
        ],
        "Turci": [
            0.4992824196815491,
            0.48922085762023926
        ],
        "ULA_foto": [
            0.5006241798400879,
            0.49171942472457886
        ],
        "VIET": [
            0.49956533312797546,
            0.4893229305744171
        ],
        "ZUZDATA_BUSS_TP": [
            0.4983478784561157,
            0.4942100942134857
        ]
    },
    "inputs_deviations": {
        "ARAB_sample": [
            0.15283334255218506,
            0.14009660482406616
        ],
        "BOSS_55": [
            0.1490691900253296,
            0.1375187486410141
        ],
        "CMR_12": [
            0.15573853254318237,
            0.14106781780719757
        ],
        "CMR_13": [
            0.1543625146150589,
            0.14097969233989716
        ],
        "COL": [
            0.15011928975582123,
            0.1370989978313446
        ],
        "COLOMBIA_18": [
            0.14963120222091675,
            0.1374499499797821
        ],
        "CZ_16": [
            0.15207189321517944,
            0.13504014909267426
        ],
        "CZ_19": [
            0.1497199684381485,
            0.13614888489246368
        ],
        "IMPRINT": [
            0.15132901072502136,
            0.13187777996063232
        ],
        "Indie": [
            0.15272411704063416,
            0.13470283150672913
        ],
        "INDIE_2022_selection": [
            0.15171366930007935,
            0.13488715887069702
        ],
        "Mauri_2019": [
            0.14752529561519623,
            0.14220985770225525
        ],
        "Mauri_2020": [
            0.14951182901859283,
            0.14753465354442596
        ],
        "MMA_2013": [
            0.15241795778274536,
            0.13801459968090057
        ],
        "NAM": [
            0.15280066430568695,
            0.13834525644779205
        ],
        "PLN_RETRO": [
            0.14949265122413635,
            0.13484728336334229
        ],
        "Pygmyes_CMR_2021_2022": [
            0.15579131245613098,
            0.13984668254852295
        ],
        "RH-CZ_SET": [
            0.15109097957611084,
            0.1337250918149948
        ],
        "SENEGAL_2021_selection": [
            0.1537625938653946,
            0.14426745474338531
        ],
        "SET_120": [
            0.1514263153076172,
            0.13449744880199432
        ],
        "SET_EyeHairDim": [
            0.27340245246887207,
            0.16177919507026672
        ],
        "SET_ROMANIA": [
            0.15177439153194427,
            0.13646700978279114
        ],
        "SET_UK": [
            0.15259522199630737,
            0.13776148855686188
        ],
        "Turci": [
            0.15104185044765472,
            0.13440458476543427
        ],
        "ULA_foto": [
            0.14874596893787384,
            0.13534100353717804
        ],
        "VIET": [
            0.1509513407945633,
            0.1361655294895172
        ],
        "ZUZDATA_BUSS_TP": [
            0.14956800639629364,
            0.13535626232624054
        ]
    }
}