{"inputs_means": {"ARAB_sample": [0.5, 0.5], "BOSS_55": [0.5, 0.4999999701976776], "CMR_12": [0.4999999701976776, 0.5000000596046448], "CMR_13": [0.5, 0.5], "COL": [0.4999999701976776, 0.5], "COLOMBIA_18": [0.5, 0.5], "CZ_16": [0.4999999701976776, 0.5], "CZ_19": [0.5, 0.4999999701976776], "IMPRINT": [0.5, 0.5], "Indie": [0.5, 0.4999999701976776], "INDIE_2022_selection": [0.5000000596046448, 0.5], "Mauri_2019": [0.5, 0.5], "Mauri_2020": [0.5, 0.5], "MMA_2013": [0.5, 0.5], "NAM": [0.5, 0.5], "PLN_RETRO": [0.5, 0.5], "Pygmyes_CMR_2021_2022": [0.5, 0.5], "RH-CZ_SET": [0.4999999701976776, 0.5], "SENEGAL_2021_selection": [0.5, 0.5], "SET_120": [0.5, 0.5], "SET_EyeHairDim": [0.5, 0.5], "SET_ROMANIA": [0.5, 0.4999999701976776], "SET_UK": [0.5, 0.5], "Turci": [0.5, 0.5], "ULA_foto": [0.5, 0.5], "VIET": [0.5, 0.5], "ZUZDATA_BUSS_TP": [0.5, 0.5]}, "inputs_deviations": {"ARAB_sample": [0.13495680689811707, 0.11725247651338577], "BOSS_55": [0.1332964450120926, 0.11603833734989166], "CMR_12": [0.13714919984340668, 0.11731626838445663], "CMR_13": [0.1388542503118515, 0.11789805442094803], "COL": [0.13423407077789307, 0.11664554476737976], "COLOMBIA_18": [0.13373742997646332, 0.11680500954389572], "CZ_16": [0.1362115889787674, 0.11625367403030396], "CZ_19": [0.1340157389640808, 0.11450500786304474], "IMPRINT": [0.13482826948165894, 0.11380214244127274], "Indie": [0.13504140079021454, 0.11511678248643875], "INDIE_2022_selection": [0.13639792799949646, 0.11628060787916183], "Mauri_2019": [0.13689850270748138, 0.11882694810628891], "Mauri_2020": [0.13767021894454956, 0.11835380643606186], "MMA_2013": [0.13541370630264282, 0.11732219904661179], "NAM": [0.1354369968175888, 0.11703361570835114], "PLN_RETRO": [0.13238556683063507, 0.11578864604234695], "Pygmyes_CMR_2021_2022": [0.14032725989818573, 0.11767154186964035], "RH-CZ_SET": [0.13306386768817902, 0.11539030075073242], "SENEGAL_2021_selection": [0.13781359791755676, 0.12060976028442383], "SET_120": [0.13300105929374695, 0.11518368124961853], "SET_EyeHairDim": [0.1335233449935913, 0.11655889451503754], "SET_ROMANIA": [0.13486720621585846, 0.1162753477692604], "SET_UK": [0.13525442779064178, 0.11668767780065536], "Turci": [0.1335088312625885, 0.11524900794029236], "ULA_foto": [0.1324780434370041, 0.11489833891391754], "VIET": [0.1340341567993164, 0.11687395721673965], "ZUZDATA_BUSS_TP": [0.13500474393367767, 0.11482558399438858]}}